Symbol,Security,GICS Sector,GICS Sub Industry,Date first added,CIK
ATVI,Activision Blizzard,Communication Services,Interactive Home Entertainment,8/31/2015,718877
GOOGL,Alphabet Inc Class A,Communication Services,Interactive Media & Services,4/3/2014,1652044
GOOG,Alphabet Inc Class C,Communication Services,Interactive Media & Services,4/3/2006,1652044
T,AT&T Inc.,Communication Services,Integrated Telecommunication Services,11/30/1983,732717
CBS,CBS Corp.,Communication Services,Broadcasting,9/1/1994,813828
CTL,CenturyLink Inc,Communication Services,Integrated Telecommunication Services,3/25/1999,18926
CHTR,Charter Communications,Communication Services,Cable & Satellite,9/8/2016,1091667
CMCSA,Comcast Corp.,Communication Services,Cable & Satellite,9/18/2015,1166691
DISCA,Discovery Inc. Class A,Communication Services,Broadcasting,3/1/2010,1437107
DISCK,Discovery Inc. Class C,Communication Services,Broadcasting,8/7/2014,1437107
DISH,Dish Network,Communication Services,Cable & Satellite,3/13/2017,1001082
EA,Electronic Arts,Communication Services,Interactive Home Entertainment,7/22/2002,712515
FB,"Facebook, Inc.",Communication Services,Interactive Media & Services,12/23/2013,1326801
FOXA,Fox Corporation Class A,Communication Services,Movies & Entertainment,7/1/2013,1308161
FOX,Fox Corporation Class B,Communication Services,Movies & Entertainment,9/18/2015,1308161
IPG,Interpublic Group,Communication Services,Advertising,10/1/1992,51644
NFLX,Netflix Inc.,Communication Services,Movies & Entertainment,12/20/2010,1065280
NWSA,News Corp. Class A,Communication Services,Publishing,8/1/2013,1564708
NWS,News Corp. Class B,Communication Services,Publishing,9/18/2015,1564708
OMC,Omnicom Group,Communication Services,Advertising,,29989
TMUS,T-Mobile US,Communication Services,Wireless Telecommunication Services,7/15/2019,1283699
TTWO,Take-Two Interactive,Communication Services,Interactive Home Entertainment,3/19/2018,946581
TWTR,"Twitter, Inc.",Communication Services,Interactive Media & Services,6/7/2018,1418091
TRIP,TripAdvisor,Communication Services,Interactive Media & Services,12/21/2011,1526520
VZ,Verizon Communications,Communication Services,Integrated Telecommunication Services,11/30/1983,732712
VIAB,Viacom Inc.,Communication Services,Movies & Entertainment,,1339947
DIS,The Walt Disney Company,Communication Services,Movies & Entertainment,6/30/1976,1001039
AAP,Advance Auto Parts,Consumer Discretionary,Automotive Retail,7/9/2015,1158449
AMZN,Amazon.com Inc.,Consumer Discretionary,Internet & Direct Marketing Retail,11/18/2005,1018724
APTV,Aptiv Plc,Consumer Discretionary,Auto Parts & Equipment,12/24/2012,1521332
AZO,AutoZone Inc,Consumer Discretionary,Specialty Stores,1/2/1997,866787
BBY,Best Buy Co. Inc.,Consumer Discretionary,Computer & Electronics Retail,6/29/1999,764478
HRB,Block H&R,Consumer Discretionary,Specialized Consumer Services,11/30/1986,12659
BKNG,Booking Holdings Inc,Consumer Discretionary,Internet & Direct Marketing Retail,11/6/2009,1075531
BWA,BorgWarner,Consumer Discretionary,Auto Parts & Equipment,12/19/2011,908255
CPRI,Capri Holdings,Consumer Discretionary,"Apparel, Accessories & Luxury Goods",11/13/2013,1530721
KMX,Carmax Inc,Consumer Discretionary,Specialty Stores,6/28/2010,1170010
CCL,Carnival Corp.,Consumer Discretionary,"Hotels, Resorts & Cruise Lines",12/22/1998,815097
CMG,Chipotle Mexican Grill,Consumer Discretionary,Restaurants,4/28/2011,1058090
DHI,D. R. Horton,Consumer Discretionary,Homebuilding,,882184
DRI,Darden Restaurants,Consumer Discretionary,Restaurants,,940944
DG,Dollar General,Consumer Discretionary,General Merchandise Stores,12/3/2012,29534
DLTR,Dollar Tree,Consumer Discretionary,General Merchandise Stores,12/19/2011,935703
EBAY,eBay Inc.,Consumer Discretionary,Internet & Direct Marketing Retail,,1065088
EXPE,Expedia Group,Consumer Discretionary,Internet & Direct Marketing Retail,10/2/2007,1324424
F,Ford Motor,Consumer Discretionary,Automobile Manufacturers,,37996
GPS,Gap Inc.,Consumer Discretionary,Apparel Retail,8/31/1986,39911
GRMN,Garmin Ltd.,Consumer Discretionary,Consumer Electronics,12/12/2012,1121788
GM,General Motors,Consumer Discretionary,Automobile Manufacturers,6/6/2013,1467858
GPC,Genuine Parts,Consumer Discretionary,Specialty Stores,12/31/1973,40987
HBI,Hanesbrands Inc,Consumer Discretionary,"Apparel, Accessories & Luxury Goods",3/20/2015,1359841
HOG,Harley-Davidson,Consumer Discretionary,Motorcycle Manufacturers,,793952
HAS,Hasbro Inc.,Consumer Discretionary,Leisure Products,9/30/1984,46080
HLT,Hilton Worldwide Holdings Inc,Consumer Discretionary,"Hotels, Resorts & Cruise Lines",6/19/2017,1585689
HD,Home Depot,Consumer Discretionary,Home Improvement Retail,3/31/1988,354950
KSS,Kohl's Corp.,Consumer Discretionary,General Merchandise Stores,,885639
LB,L Brands Inc.,Consumer Discretionary,Apparel Retail,9/30/1983,701985
LEG,Leggett & Platt,Consumer Discretionary,Home Furnishings,,58492
LEN,Lennar Corp.,Consumer Discretionary,Homebuilding,10/4/2005,920760
LKQ,LKQ Corporation,Consumer Discretionary,Distributors,5/23/2016,1065696
LOW,Lowe's Cos.,Consumer Discretionary,Home Improvement Retail,2/29/1984,60667
M,Macy's Inc.,Consumer Discretionary,Department Stores,,794367
MAR,Marriott Int'l.,Consumer Discretionary,"Hotels, Resorts & Cruise Lines",,1048286
MCD,McDonald's Corp.,Consumer Discretionary,Restaurants,6/30/1970,63908
MGM,MGM Resorts International,Consumer Discretionary,Casinos & Gaming,7/26/2017,789570
MHK,Mohawk Industries,Consumer Discretionary,Home Furnishings,12/23/2013,851968
NWL,Newell Brands,Consumer Discretionary,Housewares & Specialties,4/30/1989,814453
NKE,Nike,Consumer Discretionary,"Apparel, Accessories & Luxury Goods",11/30/1988,320187
JWN,Nordstrom,Consumer Discretionary,Department Stores,8/31/1986,72333
NCLH,Norwegian Cruise Line Holdings,Consumer Discretionary,"Hotels, Resorts & Cruise Lines",10/13/2017,1513761
NVR,NVR Inc,Consumer Discretionary,Homebuilding,9/26/2019,906163
ORLY,O'Reilly Automotive,Consumer Discretionary,Specialty Stores,3/27/2009,898173
PHM,Pulte Homes Inc.,Consumer Discretionary,Homebuilding,4/30/1984,822416
PVH,PVH Corp.,Consumer Discretionary,"Apparel, Accessories & Luxury Goods",2/15/2013,78239
RL,Ralph Lauren Corporation,Consumer Discretionary,"Apparel, Accessories & Luxury Goods",2/2/2007,1037038
ROST,Ross Stores,Consumer Discretionary,Apparel Retail,12/21/2009,745732
RCL,Royal Caribbean Cruises Ltd,Consumer Discretionary,"Hotels, Resorts & Cruise Lines",12/5/2014,884887
SBUX,Starbucks Corp.,Consumer Discretionary,Restaurants,,829224
TPR,"Tapestry, Inc.",Consumer Discretionary,"Apparel, Accessories & Luxury Goods",,1116132
TGT,Target Corp.,Consumer Discretionary,General Merchandise Stores,12/31/1976,27419
TIF,Tiffany & Co.,Consumer Discretionary,"Apparel, Accessories & Luxury Goods",6/21/2000,98246
TJX,TJX Companies Inc.,Consumer Discretionary,Apparel Retail,9/30/1985,109198
TSCO,Tractor Supply Company,Consumer Discretionary,Specialty Stores,1/24/2014,916365
ULTA,Ulta Beauty,Consumer Discretionary,Specialty Stores,4/18/2016,1403568
UAA,Under Armour Class A,Consumer Discretionary,"Apparel, Accessories & Luxury Goods",3/25/2016,1336917
UA,Under Armour Class C,Consumer Discretionary,"Apparel, Accessories & Luxury Goods",5/1/2014,1336917
VFC,V.F. Corp.,Consumer Discretionary,"Apparel, Accessories & Luxury Goods",6/30/1979,103379
WHR,Whirlpool Corp.,Consumer Discretionary,Household Appliances,,106640
WYNN,Wynn Resorts Ltd,Consumer Discretionary,Casinos & Gaming,11/14/2008,1174922
YUM,Yum! Brands Inc,Consumer Discretionary,Restaurants,10/6/1997,1041061
MO,Altria Group Inc,Consumer Staples,Tobacco,,764180
ADM,Archer-Daniels-Midland Co,Consumer Staples,Agricultural Products,7/29/1981,7084
BF.B,Brown-Forman Corp.,Consumer Staples,Distillers & Vintners,10/31/1982,14693
CPB,Campbell Soup,Consumer Staples,Packaged Foods & Meats,,16732
CHD,Church & Dwight,Consumer Staples,Household Products,12/29/2015,313927
CLX,The Clorox Company,Consumer Staples,Household Products,3/31/1969,21076
KO,Coca-Cola Company,Consumer Staples,Soft Drinks,,21344
CL,Colgate-Palmolive,Consumer Staples,Household Products,,21665
CAG,Conagra Brands,Consumer Staples,Packaged Foods & Meats,8/31/1983,23217
STZ,Constellation Brands,Consumer Staples,Distillers & Vintners,7/1/2005,16918
COST,Costco Wholesale Corp.,Consumer Staples,Hypermarkets & Super Centers,10/1/1993,909832
COTY,"Coty, Inc",Consumer Staples,Personal Products,10/3/2016,1024305
EL,Estee Lauder Cos.,Consumer Staples,Personal Products,1/5/2006,1001250
GIS,General Mills,Consumer Staples,Packaged Foods & Meats,3/31/1969,40704
HSY,The Hershey Company,Consumer Staples,Packaged Foods & Meats,,47111
HRL,Hormel Foods Corp.,Consumer Staples,Packaged Foods & Meats,3/4/2009,48465
SJM,JM Smucker,Consumer Staples,Packaged Foods & Meats,11/6/2008,91419
K,Kellogg Co.,Consumer Staples,Packaged Foods & Meats,,55067
KMB,Kimberly-Clark,Consumer Staples,Household Products,,55785
KHC,Kraft Heinz Co,Consumer Staples,Packaged Foods & Meats,7/6/2015,1637459
KR,Kroger Co.,Consumer Staples,Food Retail,,56873
LW,Lamb Weston Holdings Inc,Consumer Staples,Packaged Foods & Meats,12/3/2018,1679273
MKC,McCormick & Co.,Consumer Staples,Packaged Foods & Meats,,63754
TAP,Molson Coors Brewing Company,Consumer Staples,Brewers,6/30/1976,24545
MDLZ,Mondelez International,Consumer Staples,Packaged Foods & Meats,10/2/2012,1103982
MNST,Monster Beverage,Consumer Staples,Soft Drinks,6/28/2012,865752
PEP,PepsiCo Inc.,Consumer Staples,Soft Drinks,,77476
PM,Philip Morris International,Consumer Staples,Tobacco,3/31/2008,1413329
PG,Procter & Gamble,Consumer Staples,Personal Products,,80424
SYY,Sysco Corp.,Consumer Staples,Food Distributors,12/31/1986,96021
TSN,Tyson Foods,Consumer Staples,Packaged Foods & Meats,,100493
WMT,Walmart,Consumer Staples,Hypermarkets & Super Centers,8/31/1982,104169
WBA,Walgreens Boots Alliance,Consumer Staples,Drug Retail,12/31/1979,1618921
APA,Apache Corporation,Energy,Oil & Gas Exploration & Production,7/28/1997,6769
BHGE,"Baker Hughes, a GE Company",Energy,Oil & Gas Equipment & Services,,1701605
COG,Cabot Oil & Gas,Energy,Oil & Gas Exploration & Production,6/23/2008,858470
CVX,Chevron Corp.,Energy,Integrated Oil & Gas,,93410
XEC,Cimarex Energy,Energy,Oil & Gas Exploration & Production,6/21/2014,1168054
CXO,Concho Resources,Energy,Oil & Gas Exploration & Production,2/22/2016,1358071
COP,ConocoPhillips,Energy,Oil & Gas Exploration & Production,,1163165
DVN,Devon Energy,Energy,Oil & Gas Exploration & Production,8/30/2000,1090012
FANG,Diamondback Energy,Energy,Oil & Gas Exploration & Production,12/3/2018,1539838
EOG,EOG Resources,Energy,Oil & Gas Exploration & Production,11/2/2000,821189
XOM,Exxon Mobil Corp.,Energy,Integrated Oil & Gas,,34088
HAL,Halliburton Co.,Energy,Oil & Gas Equipment & Services,,45012
HP,Helmerich & Payne,Energy,Oil & Gas Drilling,3/1/2010,46765
HES,Hess Corporation,Energy,Integrated Oil & Gas,5/31/1984,4447
HFC,HollyFrontier Corp,Energy,Oil & Gas Refining & Marketing,6/18/2018,48039
KMI,Kinder Morgan,Energy,Oil & Gas Storage & Transportation,5/25/2012,1506307
MRO,Marathon Oil Corp.,Energy,Oil & Gas Exploration & Production,5/1/1991,101778
MPC,Marathon Petroleum,Energy,Oil & Gas Refining & Marketing,7/1/2011,1510295
NOV,National Oilwell Varco Inc.,Energy,Oil & Gas Equipment & Services,3/14/2005,1021860
NBL,Noble Energy Inc,Energy,Oil & Gas Exploration & Production,10/8/2007,72207
OXY,Occidental Petroleum,Energy,Oil & Gas Exploration & Production,12/31/1982,797468
OKE,ONEOK,Energy,Oil & Gas Storage & Transportation,3/15/2010,1039684
PSX,Phillips 66,Energy,Oil & Gas Refining & Marketing,5/1/2012,1534701
PXD,Pioneer Natural Resources,Energy,Oil & Gas Exploration & Production,9/24/2008,1038357
SLB,Schlumberger Ltd.,Energy,Oil & Gas Equipment & Services,3/31/1965,87347
FTI,TechnipFMC,Energy,Oil & Gas Equipment & Services,6/5/2009,1681459
VLO,Valero Energy,Energy,Oil & Gas Refining & Marketing,,1035002
WMB,Williams Cos.,Energy,Oil & Gas Storage & Transportation,3/31/1975,107263
AMG,Affiliated Managers Group Inc,Financials,Asset Management & Custody Banks,7/1/2014,1004434
AFL,AFLAC Inc,Financials,Life & Health Insurance,5/28/1999,4977
ALL,Allstate Corp,Financials,Property & Casualty Insurance,7/13/1995,899051
AXP,American Express Co,Financials,Consumer Finance,6/30/1976,4962
AIG,American International Group,Financials,Property & Casualty Insurance,3/31/1980,5272
AMP,Ameriprise Financial,Financials,Asset Management & Custody Banks,10/3/2005,820027
AON,Aon plc,Financials,Insurance Brokers,4/23/1996,315293
AJG,Arthur J. Gallagher & Co.,Financials,Insurance Brokers,5/31/2016,354190
AIZ,Assurant,Financials,Multi-line Insurance,4/10/2007,1267238
BAC,Bank of America Corp,Financials,Diversified Banks,6/30/1976,70858
BK,The Bank of New York Mellon Corp.,Financials,Asset Management & Custody Banks,3/31/1995,1390777
BBT,BB&T Corporation,Financials,Regional Banks,12/4/1997,92230
BRK.B,Berkshire Hathaway,Financials,Multi-Sector Holdings,2/16/2010,1067983
BLK,BlackRock,Financials,Asset Management & Custody Banks,4/4/2011,1364742
COF,Capital One Financial,Financials,Consumer Finance,7/1/1998,927628
CBOE,Cboe Global Markets,Financials,Financial Exchanges & Data,3/1/2017,1374310
SCHW,Charles Schwab Corporation,Financials,Investment Banking & Brokerage,6/2/1997,316709
CB,Chubb Limited,Financials,Property & Casualty Insurance,7/15/2010,896159
CINF,Cincinnati Financial,Financials,Property & Casualty Insurance,12/18/1997,20286
C,Citigroup Inc.,Financials,Diversified Banks,5/31/1988,831001
CFG,Citizens Financial Group,Financials,Regional Banks,1/29/2016,759944
CME,CME Group Inc.,Financials,Financial Exchanges & Data,8/11/2006,1156375
CMA,Comerica Inc.,Financials,Diversified Banks,12/1/1995,28412
DFS,Discover Financial Services,Financials,Consumer Finance,7/2/2007,1393612
ETFC,E*Trade,Financials,Investment Banking & Brokerage,3/31/2004,1015780
RE,Everest Re Group Ltd.,Financials,Reinsurance,6/19/2017,1095073
FITB,Fifth Third Bancorp,Financials,Regional Banks,,35527
FRC,First Republic Bank,Financials,Regional Banks,1/2/2019,1132979
BEN,Franklin Resources,Financials,Asset Management & Custody Banks,,38777
GL,Globe Life Inc.,Financials,Life & Health Insurance,4/30/1989,320335
GS,Goldman Sachs Group,Financials,Investment Banking & Brokerage,7/22/2002,886982
HIG,Hartford Financial Svc.Gp.,Financials,Property & Casualty Insurance,,874766
HBAN,Huntington Bancshares,Financials,Regional Banks,,49196
ICE,Intercontinental Exchange,Financials,Financial Exchanges & Data,9/26/2007,1571949
IVZ,Invesco Ltd.,Financials,Asset Management & Custody Banks,8/21/2008,914208
JPM,JPMorgan Chase & Co.,Financials,Diversified Banks,6/30/1975,19617
KEY,KeyCorp,Financials,Regional Banks,3/1/1994,91576
LNC,Lincoln National,Financials,Multi-line Insurance,6/30/1976,59558
L,Loews Corp.,Financials,Multi-line Insurance,,60086
MTB,M&T Bank Corp.,Financials,Regional Banks,,36270
MKTX,MarketAxess,Financials,Financial Exchanges & Data,7/1/2019,1278021
MMC,Marsh & McLennan,Financials,Insurance Brokers,8/31/1987,62709
MET,MetLife Inc.,Financials,Life & Health Insurance,,1099219
MCO,Moody's Corp,Financials,Financial Exchanges & Data,,1059556
MS,Morgan Stanley,Financials,Investment Banking & Brokerage,,895421
MSCI,MSCI Inc,Financials,Financial Exchanges & Data,4/4/2018,1408198
NDAQ,"Nasdaq, Inc.",Financials,Financial Exchanges & Data,10/22/2008,1120193
NTRS,Northern Trust Corp.,Financials,Asset Management & Custody Banks,,73124
PBCT,People's United Financial,Financials,Thrifts & Mortgage Finance,11/13/2008,1378946
PNC,PNC Financial Services,Financials,Regional Banks,4/30/1988,713676
PFG,Principal Financial Group,Financials,Life & Health Insurance,7/22/2002,1126328
PGR,Progressive Corp.,Financials,Property & Casualty Insurance,8/4/1997,80661
PRU,Prudential Financial,Financials,Life & Health Insurance,7/22/2002,1137774
RJF,Raymond James Financial Inc.,Financials,Investment Banking & Brokerage,3/20/2017,720005
RF,Regions Financial Corp.,Financials,Regional Banks,8/28/1998,1281761
SPGI,"S&P Global, Inc.",Financials,Financial Exchanges & Data,,64040
STT,State Street Corp.,Financials,Asset Management & Custody Banks,,93751
STI,SunTrust Banks,Financials,Regional Banks,5/31/1988,750556
SIVB,SVB Financial,Financials,Regional Banks,3/19/2018,719739
SYF,Synchrony Financial,Financials,Consumer Finance,11/18/2015,1601712
TROW,T. Rowe Price Group,Financials,Asset Management & Custody Banks,,1113169
TRV,The Travelers Companies Inc.,Financials,Property & Casualty Insurance,8/21/2002,86312
USB,U.S. Bancorp,Financials,Diversified Banks,,36104
UNM,Unum Group,Financials,Life & Health Insurance,3/1/1994,5513
WFC,Wells Fargo,Financials,Diversified Banks,6/30/1976,72971
WLTW,Willis Towers Watson,Financials,Insurance Brokers,1/5/2016,1140536
ZION,Zions Bancorp,Financials,Regional Banks,6/22/2001,109380
ABT,Abbott Laboratories,Health Care,Health Care Equipment,3/31/1964,1800
ABBV,AbbVie Inc.,Health Care,Pharmaceuticals,12/31/2012,1551152
ABMD,ABIOMED Inc,Health Care,Health Care Equipment,5/31/2018,815094
A,Agilent Technologies Inc,Health Care,Health Care Equipment,6/5/2000,1090872
ALXN,Alexion Pharmaceuticals,Health Care,Biotechnology,5/25/2012,899866
ALGN,Align Technology,Health Care,Health Care Supplies,6/19/2017,1097149
AGN,"Allergan, Plc",Health Care,Pharmaceuticals,4/12/1999,1578845
ABC,AmerisourceBergen Corp,Health Care,Health Care Distributors,8/30/2001,1140859
AMGN,Amgen Inc.,Health Care,Biotechnology,1/2/1992,318154
ANTM,Anthem,Health Care,Managed Health Care,7/25/2002,1156039
BAX,Baxter International Inc.,Health Care,Health Care Equipment,9/30/1972,10456
BDX,Becton Dickinson,Health Care,Health Care Equipment,9/30/1972,10795
BIIB,Biogen Inc.,Health Care,Biotechnology,11/13/2003,875045
BSX,Boston Scientific,Health Care,Health Care Equipment,2/24/1995,885725
BMY,Bristol-Myers Squibb,Health Care,Health Care Distributors,,14272
CAH,Cardinal Health Inc.,Health Care,Health Care Distributors,5/27/1997,721371
CELG,Celgene Corp.,Health Care,Biotechnology,11/6/2006,816284
CNC,Centene Corporation,Health Care,Managed Health Care,3/30/2016,1071739
CERN,Cerner,Health Care,Health Care Technology,4/30/2010,804753
CI,CIGNA Corp.,Health Care,Managed Health Care,6/30/1976,701221
COO,The Cooper Companies,Health Care,Health Care Supplies,9/23/2016,711404
CVS,CVS Health,Health Care,Health Care Services,,64803
DHR,Danaher Corp.,Health Care,Health Care Equipment,,313616
DVA,DaVita Inc.,Health Care,Health Care Facilities,7/31/2008,927066
XRAY,Dentsply Sirona,Health Care,Health Care Supplies,11/14/2008,818479
EW,Edwards Lifesciences,Health Care,Health Care Equipment,4/1/2011,1099800
GILD,Gilead Sciences,Health Care,Biotechnology,7/1/2004,882095
HCA,HCA Healthcare,Health Care,Health Care Facilities,1/27/2015,860730
HSIC,Henry Schein,Health Care,Health Care Distributors,3/17/2015,1000228
HOLX,Hologic,Health Care,Health Care Equipment,3/30/2016,859737
HUM,Humana Inc.,Health Care,Managed Health Care,,49071
IDXX,IDEXX Laboratories,Health Care,Health Care Equipment,1/5/2017,874716
ILMN,Illumina Inc,Health Care,Life Sciences Tools & Services,11/19/2015,1110803
INCY,Incyte,Health Care,Biotechnology,2/28/2017,879169
ISRG,Intuitive Surgical Inc.,Health Care,Health Care Equipment,6/2/2008,1035267
IQV,IQVIA Holdings Inc.,Health Care,Life Sciences Tools & Services,8/29/2017,1478242
JNJ,Johnson & Johnson,Health Care,Pharmaceuticals,6/30/1973,200406
LH,Laboratory Corp. of America Holding,Health Care,Health Care Services,11/1/2004,920148
LLY,Lilly (Eli) & Co.,Health Care,Pharmaceuticals,12/31/1970,59478
MCK,McKesson Corp.,Health Care,Health Care Distributors,,927653
MDT,Medtronic plc,Health Care,Health Care Equipment,10/31/1986,1613103
MRK,Merck & Co.,Health Care,Pharmaceuticals,,310158
MTD,Mettler Toledo,Health Care,Life Sciences Tools & Services,9/6/2016,1037646
MYL,Mylan N.V.,Health Care,Pharmaceuticals,4/23/2004,1623613
NKTR,Nektar Therapeutics,Health Care,Pharmaceuticals,3/19/2018,906709
PKI,PerkinElmer,Health Care,Health Care Equipment,5/31/1985,31791
PRGO,Perrigo,Health Care,Pharmaceuticals,12/19/2011,1585364
PFE,Pfizer Inc.,Health Care,Pharmaceuticals,,78003
DGX,Quest Diagnostics,Health Care,Health Care Services,12/12/2002,1022079
REGN,Regeneron Pharmaceuticals,Health Care,Biotechnology,5/1/2013,872589
RMD,ResMed,Health Care,Health Care Equipment,7/26/2017,943819
SYK,Stryker Corp.,Health Care,Health Care Equipment,12/12/2000,310764
TFX,Teleflex,Health Care,Health Care Equipment,1/18/2019,96943
TMO,Thermo Fisher Scientific,Health Care,Health Care Equipment,,97745
UNH,United Health Group Inc.,Health Care,Managed Health Care,7/1/1994,731766
UHS,"Universal Health Services, Inc.",Health Care,Health Care Facilities,9/20/2014,352915
VAR,Varian Medical Systems,Health Care,Health Care Equipment,2/12/2007,203527
VRTX,Vertex Pharmaceuticals Inc,Health Care,Biotechnology,9/23/2013,875320
WAT,Waters Corporation,Health Care,Health Care Distributors,,1000697
WCG,WellCare,Health Care,Managed Health Care,6/7/1905,1279363
ZBH,Zimmer Biomet Holdings,Health Care,Health Care Equipment,8/7/2001,1136869
ZTS,Zoetis,Health Care,Pharmaceuticals,6/21/2013,1555280
MMM,3M Company,Industrials,Industrial Conglomerates,,66740
ALK,Alaska Air Group Inc,Industrials,Airlines,5/13/2016,766421
ALLE,Allegion,Industrials,Building Products,12/2/2013,1579241
AAL,American Airlines Group,Industrials,Airlines,3/23/2015,6201
AME,AMETEK Inc.,Industrials,Electrical Components & Equipment,9/23/2013,1037868
AOS,A.O. Smith Corp,Industrials,Building Products,7/26/2017,91142
ARNC,Arconic Inc.,Industrials,Aerospace & Defense,3/31/1964,4281
BA,Boeing Company,Industrials,Aerospace & Defense,,12927
CHRW,C. H. Robinson Worldwide,Industrials,Air Freight & Logistics,3/2/2007,1043277
CAT,Caterpillar Inc.,Industrials,Construction Machinery & Heavy Trucks,,18230
CTAS,Cintas Corporation,Industrials,Diversified Support Services,3/1/2001,723254
CPRT,Copart Inc,Industrials,Diversified Support Services,7/2/2018,900075
CSX,CSX Corp.,Industrials,Railroads,9/30/1967,277948
CMI,Cummins Inc.,Industrials,Industrial Machinery,3/31/1965,26172
DE,Deere & Co.,Industrials,Agricultural & Farm Machinery,,315189
DAL,Delta Air Lines Inc.,Industrials,Airlines,9/11/2013,27904
DOV,Dover Corp.,Industrials,Industrial Machinery,10/31/1985,29905
ETN,Eaton Corporation,Industrials,Electrical Components & Equipment,,1551182
EMR,Emerson Electric Company,Industrials,Electrical Components & Equipment,3/31/1965,32604
EFX,Equifax Inc.,Industrials,Research & Consulting Services,6/19/1997,33185
EXPD,Expeditors,Industrials,Air Freight & Logistics,10/10/2007,746515
FAST,Fastenal Co,Industrials,Building Products,9/15/2009,815556
FDX,FedEx Corporation,Industrials,Air Freight & Logistics,12/31/1980,1048911
FLS,Flowserve Corporation,Industrials,Industrial Machinery,10/2/2008,30625
FTV,Fortive Corp,Industrials,Industrial Machinery,7/1/2016,1659166
FBHS,Fortune Brands Home & Security,Industrials,Building Products,6/22/2016,1519751
GD,General Dynamics,Industrials,Aerospace & Defense,,40533
GE,General Electric,Industrials,Industrial Conglomerates,,40545
GWW,Grainger (W.W.) Inc.,Industrials,Industrial Machinery,6/30/1981,277135
HON,Honeywell Int'l Inc.,Industrials,Industrial Conglomerates,3/31/1964,773840
HII,Huntington Ingalls Industries,Industrials,Aerospace & Defense,1/3/2018,1501585
IEX,IDEX Corporation,Industrials,Industrial Machinery,8/9/2019,832101
INFO,IHS Markit Ltd.,Industrials,Research & Consulting Services,6/2/2017,1598014
ITW,Illinois Tool Works,Industrials,Industrial Machinery,2/28/1986,49826
IR,Ingersoll-Rand PLC,Industrials,Industrial Machinery,11/17/2010,1466258
JEC,Jacobs Engineering Group,Industrials,Construction & Engineering,10/26/2007,52988
JBHT,J. B. Hunt Transport Services,Industrials,Trucking,7/1/2015,728535
JCI,Johnson Controls International,Industrials,Building Products,8/27/2010,833444
KSU,Kansas City Southern,Industrials,Railroads,5/24/2013,54480
LHX,L3Harris Technologies,Industrials,Aerospace & Defense,,202058
LMT,Lockheed Martin Corp.,Industrials,Aerospace & Defense,7/31/1984,936468
MAS,Masco Corp.,Industrials,Building Products,6/30/1981,62996
NLSN,Nielsen Holdings,Industrials,Research & Consulting Services,7/9/2013,1492633
NSC,Norfolk Southern Corp.,Industrials,Railroads,,702165
NOC,Northrop Grumman,Industrials,Aerospace & Defense,6/30/1985,1133421
PCAR,PACCAR Inc.,Industrials,Construction Machinery & Heavy Trucks,12/31/1980,75362
PH,Parker-Hannifin,Industrials,Industrial Machinery,11/30/1985,76334
PNR,Pentair plc,Industrials,Industrial Machinery,10/1/2012,77360
PWR,Quanta Services Inc.,Industrials,Construction & Engineering,7/1/2009,1050915
RTN,Raytheon Co.,Industrials,Aerospace & Defense,,1047122
RSG,Republic Services Inc,Industrials,Environmental & Facilities Services,12/5/2008,1060391
RHI,Robert Half International,Industrials,Human Resource & Employment Services,12/5/2000,315213
ROK,Rockwell Automation Inc.,Industrials,Electrical Components & Equipment,,1024478
ROL,Rollins Inc.,Industrials,Environmental & Facilities Services,10/1/2018,84839
ROP,Roper Technologies,Industrials,Industrial Conglomerates,12/23/2009,882835
SNA,Snap-on,Industrials,Industrial Machinery,9/30/1982,91440
LUV,Southwest Airlines,Industrials,Airlines,7/1/1994,92380
SWK,Stanley Black & Decker,Industrials,Industrial Machinery,9/30/1982,93556
TXT,Textron Inc.,Industrials,Aerospace & Defense,12/31/1978,217346
TDG,TransDigm Group,Industrials,Aerospace & Defense,6/3/2016,1260221
UNP,Union Pacific Corp,Industrials,Railroads,,100885
UAL,United Airlines Holdings,Industrials,Airlines,9/3/2015,100517
UPS,United Parcel Service,Industrials,Air Freight & Logistics,7/22/2002,1090727
URI,"United Rentals, Inc.",Industrials,Trading Companies & Distributors,9/20/2014,1067701
UTX,United Technologies,Industrials,Aerospace & Defense,,101829
VRSK,Verisk Analytics,Industrials,Research & Consulting Services,10/8/2015,1442145
WAB,Wabtec Corporation,Industrials,Construction Machinery & Heavy Trucks,2/27/2019,943452
WM,Waste Management Inc.,Industrials,Environmental & Facilities Services,,823768
XYL,Xylem Inc.,Industrials,Industrial Machinery,11/1/2011,1524472
ACN,Accenture plc,Information Technology,IT Consulting & Other Services,7/6/2011,1467373
ADBE,Adobe Systems Inc,Information Technology,Application Software,5/5/1997,796343
AMD,Advanced Micro Devices Inc,Information Technology,Semiconductors,3/20/2017,2488
AKAM,Akamai Technologies Inc,Information Technology,Internet Services & Infrastructure,7/12/2007,1086222
ADS,Alliance Data Systems,Information Technology,Data Processing & Outsourced Services,12/23/2013,1101215
APH,Amphenol Corp,Information Technology,Electronic Components,9/30/2008,820313
ADI,"Analog Devices, Inc.",Information Technology,Semiconductors,10/12/1999,6281
ANSS,ANSYS,Information Technology,Application Software,6/19/2017,1013462
AAPL,Apple Inc.,Information Technology,"Technology Hardware, Storage & Peripherals",11/30/1982,320193
AMAT,Applied Materials Inc.,Information Technology,Semiconductor Equipment,3/16/1995,6951
ANET,Arista Networks,Information Technology,Communications Equipment,8/28/2018,1596532
ADSK,Autodesk Inc.,Information Technology,Application Software,12/1/1989,769397
ADP,Automatic Data Processing,Information Technology,Internet Services & Infrastructure,3/31/1981,8670
AVGO,Broadcom Inc.,Information Technology,Semiconductors,5/8/2014,1730168
BR,Broadridge Financial Solutions,Information Technology,Data Processing & Outsourced Services,6/18/2018,1383312
CDNS,Cadence Design Systems,Information Technology,Application Software,9/18/2017,813672
CDW,CDW,Information Technology,Technology Distributors,9/23/2019,1402057
CSCO,Cisco Systems,Information Technology,Communications Equipment,12/1/1993,858877
CTXS,Citrix Systems,Information Technology,Application Software,12/1/1999,877890
CTSH,Cognizant Technology Solutions,Information Technology,IT Consulting & Other Services,11/17/2006,1058290
GLW,Corning Inc.,Information Technology,Electronic Components,,24741
DXC,DXC Technology,Information Technology,IT Consulting & Other Services,4/4/2017,1688568
FFIV,F5 Networks,Information Technology,Communications Equipment,12/20/2010,1048695
FIS,Fidelity National Information Services,Information Technology,Data Processing & Outsourced Services,11/10/2006,1136893
FISV,Fiserv Inc,Information Technology,Data Processing & Outsourced Services,4/2/2001,798354
FLT,FleetCor Technologies Inc,Information Technology,Data Processing & Outsourced Services,6/20/2018,1175454
FLIR,FLIR Systems,Information Technology,Electronic Equipment & Instruments,1/2/2009,354908
FTNT,Fortinet,Information Technology,Systems Software,10/11/2018,1262039
IT,Gartner Inc,Information Technology,IT Consulting & Other Services,4/5/2017,749251
GPN,Global Payments Inc.,Information Technology,Data Processing & Outsourced Services,4/25/2016,1123360
HPE,Hewlett Packard Enterprise,Information Technology,"Technology Hardware, Storage & Peripherals",11/2/2015,1645590
HPQ,HP Inc.,Information Technology,"Technology Hardware, Storage & Peripherals",12/31/1974,47217
INTC,Intel Corp.,Information Technology,Semiconductors,12/31/1976,50863
IBM,International Business Machines,Information Technology,IT Consulting & Other Services,,51143
INTU,Intuit Inc.,Information Technology,Application Software,12/5/2000,896878
IPGP,IPG Photonics Corp.,Information Technology,Electronic Manufacturing Services,3/7/2018,1111928
JKHY,Jack Henry & Associates,Information Technology,Data Processing & Outsourced Services,11/13/2018,779152
JNPR,Juniper Networks,Information Technology,Communications Equipment,,1043604
KEYS,Keysight Technologies,Information Technology,Electronic Equipment & Instruments,11/6/2018,1601046
KLAC,KLA Corporation,Information Technology,Semiconductor Equipment,,319201
LRCX,Lam Research,Information Technology,Semiconductor Equipment,6/29/2012,707549
LDOS,Leidos Holdings,Information Technology,IT Consulting & Other Services,8/9/2019,1336920
MA,Mastercard Inc.,Information Technology,Data Processing & Outsourced Services,7/18/2008,1141391
MXIM,Maxim Integrated Products Inc,Information Technology,Semiconductors,12/3/2018,743316
MCHP,Microchip Technology,Information Technology,Semiconductors,9/7/2007,827054
MU,Micron Technology,Information Technology,Semiconductors,9/27/1994,723125
MSFT,Microsoft Corp.,Information Technology,Systems Software,6/1/1994,789019
MSI,Motorola Solutions Inc.,Information Technology,Communications Equipment,,68505
NTAP,NetApp,Information Technology,"Technology Hardware, Storage & Peripherals",6/25/1999,1002047
NVDA,Nvidia Corporation,Information Technology,Semiconductors,11/30/2001,1045810
ORCL,Oracle Corp.,Information Technology,Application Software,8/31/1989,1341439
PAYX,Paychex Inc.,Information Technology,Data Processing & Outsourced Services,,723531
PYPL,PayPal,Information Technology,Data Processing & Outsourced Services,7/20/2015,1633917
QRVO,Qorvo,Information Technology,Semiconductors,6/11/2015,1604778
QCOM,QUALCOMM Inc.,Information Technology,Semiconductors,,804328
CRM,Salesforce.com,Information Technology,Application Software,9/15/2008,1108524
STX,Seagate Technology,Information Technology,"Technology Hardware, Storage & Peripherals",7/2/2012,1137789
SWKS,Skyworks Solutions,Information Technology,Semiconductors,3/12/2015,4127
SYMC,Symantec Corp.,Information Technology,Application Software,3/25/2003,849399
SNPS,Synopsys Inc.,Information Technology,Application Software,3/16/2017,883241
TEL,TE Connectivity Ltd.,Information Technology,Electronic Manufacturing Services,10/17/2011,1385157
TXN,Texas Instruments,Information Technology,Semiconductors,,97476
VRSN,Verisign Inc.,Information Technology,Internet Services & Infrastructure,2/1/2006,1014473
V,Visa Inc.,Information Technology,Data Processing & Outsourced Services,12/21/2009,1403161
WDC,Western Digital,Information Technology,"Technology Hardware, Storage & Peripherals",7/1/2009,106040
WU,Western Union Co,Information Technology,Data Processing & Outsourced Services,,1365135
XRX,Xerox,Information Technology,"Technology Hardware, Storage & Peripherals",,108772
XLNX,Xilinx,Information Technology,Semiconductors,11/8/1999,743988
APD,Air Products & Chemicals Inc,Materials,Industrial Gases,4/30/1985,2969
ALB,Albemarle Corp,Materials,Specialty Chemicals,7/1/2016,915913
AMCR,Amcor plc,Materials,Paper Packaging,6/7/2019,1748790
AVY,Avery Dennison Corp,Materials,Paper Packaging,12/31/1987,8818
BLL,Ball Corp,Materials,Metal & Glass Containers,10/31/1984,9389
CE,Celanese,Materials,Specialty Chemicals,12/24/2018,1306830
CF,CF Industries Holdings Inc,Materials,Fertilizers & Agricultural Chemicals,8/27/2008,1324404
CTVA,Corteva,Materials,Fertilizers & Agricultural Chemicals,6/3/2019,1755672
DOW,Dow Inc.,Materials,Commodity Chemicals,4/1/2019,1751788
DD,DuPont de Nemours Inc,Materials,Specialty Chemicals,,1666700
EMN,Eastman Chemical,Materials,Diversified Chemicals,1/1/1994,915389
ECL,Ecolab Inc.,Materials,Specialty Chemicals,1/31/1989,31462
FMC,FMC Corporation,Materials,Fertilizers & Agricultural Chemicals,8/19/2009,37785
FCX,Freeport-McMoRan Inc.,Materials,Copper,,831259
IP,International Paper,Materials,Paper Packaging,,51434
IFF,Intl Flavors & Fragrances,Materials,Specialty Chemicals,3/31/1976,51253
LIN,Linde plc,Materials,Industrial Gases,7/1/1992,1707925
LYB,LyondellBasell,Materials,Specialty Chemicals,9/5/2012,1489393
MLM,Martin Marietta Materials,Materials,Construction Materials,7/2/2014,916076
MOS,The Mosaic Company,Materials,Fertilizers & Agricultural Chemicals,9/26/2011,1285785
NEM,Newmont Goldcorp,Materials,Gold,6/30/1969,1164727
NUE,Nucor Corp.,Materials,Steel,4/30/1985,73309
PKG,Packaging Corporation of America,Materials,Paper Packaging,7/26/2017,75677
PPG,PPG Industries,Materials,Specialty Chemicals,,79879
SEE,Sealed Air,Materials,Paper Packaging,,1012100
SHW,Sherwin-Williams,Materials,Specialty Chemicals,6/30/1964,89800
VMC,Vulcan Materials,Materials,Construction Materials,6/30/1999,1396009
WRK,WestRock,Materials,Paper Packaging,,1636023
ARE,Alexandria Real Estate Equities,Real Estate,Office REITs,3/20/2017,1035443
AMT,American Tower Corp.,Real Estate,Specialized REITs,11/19/2007,1053507
AIV,Apartment Investment & Management,Real Estate,Residential REITs,3/14/2003,922864
AVB,"AvalonBay Communities, Inc.",Real Estate,Residential REITs,1/10/2007,915912
BXP,Boston Properties,Real Estate,Office REITs,4/3/2006,1037540
CBRE,CBRE Group,Real Estate,Real Estate Services,11/10/2006,1138118
CCI,Crown Castle International Corp.,Real Estate,Specialized REITs,3/14/2012,1051470
DLR,Digital Realty Trust Inc,Real Estate,Specialized REITs,5/18/2016,1297996
DRE,Duke Realty Corp,Real Estate,Industrial REITs,7/26/2017,783280
EQIX,Equinix,Real Estate,Specialized REITs,3/20/2015,1101239
EQR,Equity Residential,Real Estate,Residential REITs,12/3/2001,906107
ESS,"Essex Property Trust, Inc.",Real Estate,Residential REITs,4/2/2014,920522
EXR,Extra Space Storage,Real Estate,Specialized REITs,1/19/2016,1289490
FRT,Federal Realty Investment Trust,Real Estate,Retail REITs,2/1/2016,34903
HCP,HCP Inc.,Real Estate,Health Care REITs,3/31/2008,765880
HST,Host Hotels & Resorts,Real Estate,Hotel & Resort REITs,3/20/2007,1070750
IRM,Iron Mountain Incorporated,Real Estate,Specialized REITs,1/6/2009,1020569
KIM,Kimco Realty,Real Estate,Retail REITs,4/4/2006,879101
MAC,Macerich,Real Estate,Retail REITs,5/9/2013,912242
MAA,Mid-America Apartments,Real Estate,Residential REITs,12/2/2016,912595
PLD,Prologis,Real Estate,Industrial REITs,7/17/2003,1045609
PSA,Public Storage,Real Estate,Specialized REITs,8/19/2005,1393311
O,Realty Income Corporation,Real Estate,Retail REITs,4/7/2015,726728
REG,Regency Centers Corporation,Real Estate,Retail REITs,3/2/2017,910606
SBAC,SBA Communications,Real Estate,Specialized REITs,9/1/2017,1034054
SPG,Simon Property Group Inc,Real Estate,Retail REITs,6/26/2002,1063761
SLG,SL Green Realty,Real Estate,Office REITs,3/20/2015,1040971
UDR,"UDR, Inc.",Real Estate,Residential REITs,3/7/2016,74208
VTR,Ventas Inc,Real Estate,Health Care REITs,3/4/2009,740260
VNO,Vornado Realty Trust,Real Estate,Office REITs,,899689
WELL,Welltower Inc.,Real Estate,Health Care REITs,1/30/2009,766704
WY,Weyerhaeuser,Real Estate,Specialized REITs,,106535
AES,AES Corp,Utilities,Independent Power Producers & Energy Traders,10/2/1998,874761
LNT,Alliant Energy Corp,Utilities,Electric Utilities,7/1/2016,352541
AEE,Ameren Corp,Utilities,Multi-Utilities,9/19/1991,1002910
AEP,American Electric Power,Utilities,Electric Utilities,,4904
AWK,American Water Works Company Inc,Utilities,Water Utilities,3/4/2016,1410636
ATO,Atmos Energy Corp,Utilities,Gas Utilities,2/15/2019,731802
CNP,CenterPoint Energy,Utilities,Multi-Utilities,7/31/1985,1130310
CMS,CMS Energy,Utilities,Multi-Utilities,5/3/1999,811156
ED,Consolidated Edison,Utilities,Electric Utilities,,1047862
D,Dominion Energy,Utilities,Electric Utilities,,715957
DTE,DTE Energy Co.,Utilities,Multi-Utilities,,936340
DUK,Duke Energy,Utilities,Electric Utilities,6/30/1976,1326160
EIX,Edison Int'l,Utilities,Electric Utilities,,827052
ETR,Entergy Corp.,Utilities,Electric Utilities,,65984
EVRG,Evergy,Utilities,Electric Utilities,6/5/2018,1711269
ES,Eversource Energy,Utilities,Multi-Utilities,,72741
EXC,Exelon Corp.,Utilities,Multi-Utilities,,1109357
FE,FirstEnergy Corp,Utilities,Electric Utilities,,1031296
NEE,NextEra Energy,Utilities,Multi-Utilities,6/30/1976,753308
NI,NiSource Inc.,Utilities,Multi-Utilities,,1111711
NRG,NRG Energy,Utilities,Independent Power Producers & Energy Traders,1/29/2010,1013871
PNW,Pinnacle West Capital,Utilities,Multi-Utilities,,764622
PPL,PPL Corp.,Utilities,Electric Utilities,,922224
PEG,Public Serv. Enterprise Inc.,Utilities,Electric Utilities,,788784
SRE,Sempra Energy,Utilities,Multi-Utilities,,1032208
SO,Southern Co.,Utilities,Electric Utilities,,92122
WEC,Wec Energy Group Inc,Utilities,Electric Utilities,10/31/2008,783325
XEL,Xcel Energy Inc,Utilities,Multi-Utilities,,72903
